name,generated,broad,strict,smallest_class,balanced,accuracy,auc
Baseline reproducibility,150000,127235,66191,5254,26270,0.5732338611449452,0.8539857294686956
2x measurement noise,150000,126598,63841,4982,24910,0.47639691714836224,0.7816328529995726
3x measurement noise,150000,124744,60218,4653,23265,0.3938456248925563,0.7150837511227491
High catheter variability,150000,124892,63267,4901,24505,0.45585115064468745,0.7618662402534301
Hb -2 g/dL,150000,114445,44553,3238,16190,0.5481719367588933,0.8367486867208909
Hb +2 g/dL,150000,134470,81767,7205,36025,0.593538359054069,0.8625914705963977
Baseline PVR -20%,150000,128303,70973,5526,27630,0.5600752750434279,0.8434411881603158
Baseline PVR +25%,150000,124957,58380,4931,24655,0.5598637248539909,0.8529553720160322
VO2 -15%,150000,136121,83897,7533,37665,0.5839439311882765,0.8591368137966893
VO2 +20%,150000,110350,38500,2779,13895,0.5483592400690847,0.8358689955492004
